convo_id,line,author,text,is_predator,is_suspicious,image_type
synth_1,1,Predator_Sim,"wut up, fr? how's life been treating ya?",1,1,none
synth_1,2,Minor_Sim,"it's been pretty chill, just hanging out and playing Roblox most of the time.",0,0,none
synth_1,3,Predator_Sim,"fair enough. hey, why do you prefer to play as a dolphin in that game we both like?",1,1,none
synth_1,4,Minor_Sim,"um, I don't really have a preference. It's just one of the options, ya know?",0,0,none
synth_1,5,Predator_Sim,"alrighty then. So, what kind of stuff do you usually play on Roblox? Just out of curiosity.",1,1,none
synth_1,6,Minor_Sim,"well, I like to explore different types of games like role-playing and parkour. Sometimes I even go for adventure games!",0,0,none
synth_1,7,Predator_Sim,"cool! So, are you planning to stay up late tonight to keep playing games or hit the hay early?",1,1,none
synth_1,8,Minor_Sim,"probably gonna crash soon. Just one more game before I call it a night, though!",0,0,none
synth_1,9,Predator_Sim,fair enough! gotta love some good gaming time. What's your favorite part about playing Roblox with friends? Do you think you could finish this sentence for me?,1,1,none
synth_1,10,Minor_Sim,"The best part is definitely playing games together and having fun. And yeah, I can do that. My favorite part is bonding with my friends and laughing at silly moments!",0,0,none
synth_1,11,Predator_Sim,"awesome! So, are you excited for the new update they're releasing soon? You seem pretty hyped about it.",1,1,none
synth_1,12,Minor_Sim,"oh man, I'm super stoked! Can't wait to check out all the new features and see what else they've got in store for us. It's gonna be lit!",0,0,none
synth_1,13,Predator_Sim,"sweet! That's definitely something to look forward to. Alrighty then, back at you - how do you usually unwind after a long day of playing games?",1,1,none
synth_1,14,Minor_Sim,I usually just chill out on the couch with my family or watch some shows on Netflix. Sometimes I even play a little bit more Roblox if I'm feeling up for it!,0,0,none
synth_1,15,Predator_Sim,"sounds like a pretty balanced routine! Alrighty then, you've been a great sport about this whole chat thing. If you ever need someone to talk to or have questions about the game, feel free to hit me up, alright? No pressure though.",1,1,none
synth_1,16,Minor_Sim,"Thanks, man! I appreciate that. Same goes for you - if you ever wanna chat more about Roblox or anything else, just let me know. It's always good to have a friend in the digital space!",0,0,none
synth_2,1,Minor_Sim,"wassup fr, how's it going?",0,0,none
synth_2,2,Minor_Sim,"pretty chill, just messing around in Roblox",0,0,none
synth_2,3,Minor_Sim,"hey, you ever play with anyone named Squidward? I heard he was kinda sketchy.",0,0,none
synth_2,4,Minor_Sim,"lol, yeah, I played with this guy once. He seemed alright though.",0,0,none
synth_2,5,Minor_Sim,did ya ever see any other players who were... different?,0,0,none
synth_2,6,Minor_Sim,"i guess so, like some guys would act all sus and try to mess with people",0,0,none
synth_2,7,Minor_Sim,what's the worst thing you seen someone do in Roblox?,0,0,none
synth_2,8,Minor_Sim,"well, I once saw a player team up with a bunch of others to grief this new player. It was pretty sad.",0,0,none
synth_2,9,Minor_Sim,have you ever had any creepy interactions while playing? like getting followed or stuff?,0,0,none
synth_2,10,Minor_Sim,"uh, no way! I've never felt unsafe in Roblox. It's usually just friendly competition.",0,0,none
synth_2,11,Minor_Sim,alright then. one last question: do you think players should be more careful about who they friend on the platform?,0,0,none
synth_2,12,Minor_Sim,"well, I guess it wouldn't hurt to double-check people before adding them or joining a game with 'em. But most of the time, everything's fine!",0,0,none
synth_2,13,Minor_Sim,fair enough. thanks for being honest! have a great time playing Roblox!,0,0,none
synth_2,14,Minor_Sim,no problem! thanks for chatting!,0,0,none
synth_3,1,Predator_Sim,"Hey fr, how's it going? I'm just playing some Roblox after school.",1,1,none
synth_3,2,Minor_Sim,"It's going pretty good, thanks for asking! Just got done with some homework so now it's time to chill and have some fun. How about you?",0,0,none
synth_3,3,Predator_Sim,"Lol, sounds like we're on the same page there! So, are you into any specific games on Roblox right now? Like, if you were playing a game right this second, what would it be?",1,1,none
synth_3,4,Minor_Sim,"Yeah, I've been really digging the whole survival/crafting thing. There's one game in particular that I like to play when I'm feeling adventurous. It's got me hooked for sure!",0,0,none
synth_3,5,Predator_Sim,"That sounds pretty sus! But hey, we all have our games of choice, right? What is it about that kind of gameplay that gets you going?",1,1,none
synth_3,6,Minor_Sim,"Honestly, just the whole idea of being stranded on a deserted island and having to survive with only your wits and what you can find in the environment. Plus, the building aspect is pretty cool too. It's like playing Minecraft but more challenging.",0,0,none
synth_3,7,Predator_Sim,"Nice! I get that. So, if we were in that game together, would you be up for teaming up or would you rather go at it solo?",1,1,none
synth_3,8,Minor_Sim,"I'm usually open to teaming up if the situation calls for it, but sometimes it's just as fun to go at it alone and really challenge yourself. But hey, it depends on the situation, ya know?",0,0,none
synth_3,9,Predator_Sim,"Definitely! It can be a balance between working together and pushing yourself. Speaking of that, what kind of rewards or accomplishments are you after in your games? What motivates you?",1,1,none
synth_3,10,Minor_Sim,"I think I'm mostly motivated by just having fun and trying out new things. But if I had to pick something specific, I'd say figuring out all the secrets and little tricks within a game gets pretty satisfying!",0,0,none
synth_3,11,Predator_Sim,That's cool! It sounds like you're always looking for a good challenge. What's your take on cheaters in Roblox games? Do you think it's ever justified or are they just making things harder for themselves?,1,1,none
synth_3,12,Minor_Sim,"I mean, I guess some people might think cheating is the way to go if they want to get ahead super fast or something. But honestly, it totally takes away from the fun and satisfaction of actually putting in the work and earning your progress fair and square. Plus, it's just not fair to everyone else who's playing by the rules!",0,0,none
synth_3,13,Predator_Sim,"I hear ya! It definitely seems like a bummer if you have to worry about cheaters messing up the experience for everyone else. Anyway, we should probably get back to our games. Have fun surviving and building on your deserted island!",1,1,none
synth_3,14,Minor_Sim,"Yeah, thanks for the chat! You too, stay wild!",0,0,none
synth_4,1,Predator_Sim,"Hey there! How's it going? So, you're playing Roblox right now?",1,1,none
synth_4,2,Minor_Sim,"Yeah, just chilling in my favorite game! Why'd you ask?",0,0,none
synth_4,3,Predator_Sim,"No particular reason, just thought it might be fun to chat with someone who's actually playing the game. I mean, how cool is that? You're like a digital adventurer!",1,1,none
synth_4,4,Minor_Sim,"Haha, yeah! I guess it's pretty neat.",0,0,none
synth_4,5,Predator_Sim,"So, have you ever seen any other players getting chased by a wild predator in the game?",1,1,none
synth_4,6,Minor_Sim,"Umm, not really sure what you mean. But if there are predators, they're definitely not wild or dangerous - just fun to interact with!",0,0,none
synth_4,7,Predator_Sim,"Oh, I didn't mean anything creepy or weird! Just curious about your experience with other players. Anyway, let's talk about something else. What's your favorite thing to do in Roblox?",1,1,none
synth_4,8,Minor_Sim,"Well, I love exploring different game worlds and trying out new stuff. There's always something new to discover!",0,0,none
synth_4,9,Predator_Sim,"That sounds like so much fun! So, what games do you usually play? Are there any favorites among those?",1,1,none
synth_4,10,Minor_Sim,I really enjoy role-playing games where I can be creative with my character and explore different storylines. Games like 'Adopt Me!' and 'Rust' are a lot of fun!,0,0,none
synth_4,11,Predator_Sim,"Nice! I've heard good things about those games too. So, how long have you been playing Roblox? It's been around for quite some time now!",1,1,none
synth_4,12,Minor_Sim,"Oh, I've been playing it for over two years now! It's amazing how much the game has evolved since then.",0,0,none
synth_4,13,Predator_Sim,"Wow, that's a pretty long time! So, do you think you'll keep playing it for many more years to come?",1,1,none
synth_4,14,Minor_Sim,"Yeah, definitely! There are always new updates and games within Roblox, so there's never a dull moment. I'm excited to see what they come up with next!",0,0,none
synth_4,15,Predator_Sim,"It sounds like you're really invested in the platform! Thanks for sharing your experience - it was fun chatting with you! If you ever need help or have any questions about the game, feel free to reach out.",1,1,none
synth_4,16,Minor_Sim,That's super sweet of you! I appreciate that. Have a great day and keep exploring those digital worlds!,0,0,none
synth_5,1,Predator_Sim,"hey, you playin' Roblox?",1,1,none
synth_5,2,Minor_Sim,"yeah, always! got a new avatar!",0,0,none
synth_5,3,Predator_Sim,"cool, fr. how old are ya, though?",1,1,none
synth_5,4,Minor_Sim,I'm 12.,0,0,none
synth_5,5,Predator_Sim,"alright, coolio. how long have ya been playing Roblox?",1,1,none
synth_5,6,Minor_Sim,about two years now. It's my favorite game!,0,0,none
synth_5,7,Predator_Sim,nice! what games or places in-game do you like to hang out at?,1,1,none
synth_5,8,Minor_Sim,"I really like the park area and the adventure maps. There are a lot of fun games there, like 'Hunt for Treasure' and 'Escape the Pines.'",0,0,none
synth_5,9,Predator_Sim,"oh, sounds fun! have you ever played with any online friends or just in-game randoms?",1,1,none
synth_5,10,Minor_Sim,"I've made some friends on Roblox, but I mostly play with my school buddies in-game. It's more secure that way.",0,0,none
synth_5,11,Predator_Sim,smart thinking! how do your parents handle the game time? are they strict about it or laid back?,1,1,none
synth_5,12,Minor_Sim,"They're pretty chill about it, but they make sure I don't spend too much time on it. They like when I come out and play outside sometimes too!",0,0,none
synth_5,13,Predator_Sim,"fair enough! have you ever met any online characters that made you feel uncomfortable? just curious, no judgement.",1,1,none
synth_5,14,Minor_Sim,"No, not really. I mostly stick to the safe places and avoid strangers in-game. My mom taught me that it's always better to be cautious online.",0,0,none
synth_6,1,Minor_Sim,"Hey, did you hear Roblox is getting a new update?",0,0,none
synth_6,2,Minor_Sim,"Oh yeah, I heard they're adding more skins for our avatars, that's pretty cool!",0,0,none
synth_6,3,Minor_Sim,"Yeah, and they're changing the game's background too! It'll be more immersive.",0,0,none
synth_6,4,Minor_Sim,That sounds like fun. You think you might get the new 'Vortex' skin?,0,0,none
synth_6,5,Minor_Sim,"Maybe, I'm kinda sus on it though.",0,0,none
synth_6,6,Minor_Sim,"Haha, totally understand. Are you planning to play with your friends this weekend?",0,0,none
synth_6,7,Minor_Sim,"Yeah, we're all getting together for some in-game adventures! It's going to be lit!",0,0,none
synth_6,8,Minor_Sim,That sounds awesome! Which game mode do you think you'll play most?,0,0,none
synth_6,9,Minor_Sim,Probably just free roam - I always have the best time exploring the world and finding new stuff.,0,0,none
synth_6,10,Minor_Sim,"Nice! So, what kind of power-ups are you looking forward to seeing in-game?",0,0,none
synth_6,11,Minor_Sim,Definitely the speed boost! It's so much fun to zoom around with all your friends!,0,0,none
synth_6,12,Minor_Sim,"Oh man, that would be a blast. Are you planning on getting any new gear before the update drops?",0,0,none
synth_6,13,Minor_Sim,"Yeah, I want to get those cool new boots that are going to be available! They look really sleek.",0,0,none
synth_6,14,Minor_Sim,Nice choice! What's your favorite thing about Roblox?,0,0,none
synth_6,15,Minor_Sim,Definitely the creativity - there's so much you can do with your own games and builds!,0,0,none
synth_6,16,Minor_Sim,"Totally agree. Have fun this weekend, and keep exploring those new worlds!",0,0,none
synth_7,1,Minor_Sim,"hey fr, wassup? how's your day going?",0,0,none
synth_7,2,Minor_Sim,"pretty chill! I'm just chilling and playing Roblox right now, lol!",0,0,none
synth_7,3,Minor_Sim,"oh word, that's nice. so, you play a lot of games on there, huh?",0,0,none
synth_7,4,Minor_Sim,"yep! There are so many fun games to choose from, sus.",0,0,none
synth_7,5,Minor_Sim,"fair enough. So, what game have you been playing most recently?",0,0,none
synth_7,6,Minor_Sim,I've been really into the one where you build your own island and decorate it however you want. It's super cool!,0,0,none
synth_7,7,Minor_Sim,that sounds like a lot of fun! do you have any favorite colors or designs for your virtual space?,0,0,none
synth_7,8,Minor_Sim,"totally, I love using bright colors and making my space look really neat!",0,0,none
synth_7,9,Minor_Sim,"nice! So, how many hours would you say you spend on Roblox each week?",0,0,none
synth_7,10,Minor_Sim,"I don't know exactly, but probably like 5-10 hours per week? It's just a fun way to hang out with my friends when we can't meet in person.",0,0,none
synth_7,11,Minor_Sim,"that's pretty cool. So, do your parents or guardians play Roblox too?",0,0,none
synth_7,12,Minor_Sim,"nah, they're not really into gaming like me and my friends. But they trust me to make responsible choices online, which is awesome!",0,0,none
synth_7,13,Minor_Sim,"well, it's good to hear you have a supportive environment at home! Just one more thing: do you ever chat with strangers on Roblox or stick to playing games with your known friends?",0,0,none
synth_7,14,Minor_Sim,"I mostly play games with my known friends, but sometimes I'll join in on bigger events or games with new people. It can be fun meeting new friends and learning about their game styles!",0,0,none
synth_7,15,Minor_Sim,"totally gets that! Thanks for chatting with me today, it was great to learn more about your gaming experiences!",0,0,none
synth_7,16,Minor_Sim,"no problem, thanks for asking all those questions! It made me think a lot about my habits, hahaha. Have a great day!",0,0,none
synth_8,1,Predator_Sim,"Hey fr, wassup?",1,1,none
synth_8,2,Minor_Sim,"Not much, just chilling in Roblox. How about you?",0,0,none
synth_8,3,Predator_Sim,"I'm good, thanks for asking. By the way, do you have a crush on anyone in-game?",1,1,none
synth_8,4,Minor_Sim,"Ugh, no sus! I'm just having fun playing with my friends.",0,0,none
synth_8,5,Predator_Sim,"Oh, cool. So, are you a cat or a dog person?",1,1,none
synth_8,6,Minor_Sim,"I'm definitely a cat person! Purrfect, right? lol",0,0,none
synth_8,7,Predator_Sim,That's funny. Do your parents play Roblox too?,1,1,none
synth_8,8,Minor_Sim,"My mom doesn't really get it, but my dad has dabbled in playing with me sometimes. It's pretty fun!",0,0,none
synth_8,9,Predator_Sim,Nice. So what's your favorite game to play in Roblox?,1,1,none
synth_8,10,Minor_Sim,I really like the 'Adopt Me!' game. You can adopt cute pets and take care of them! It's super fun.,0,0,none
synth_8,11,Predator_Sim,That sounds cool! Do you have a pet in real life or just in-game?,1,1,none
synth_8,12,Minor_Sim,"I don't have a pet right now, but I'd love to have a dog when we get one. My imaginary Roblox pet keeps me company for now!",0,0,none
synth_8,13,Predator_Sim,"Aww, that's cute. What kind of pet would you want if you could choose any type in real life?",1,1,none
synth_8,14,Minor_Sim,I'd probably go for a golden retriever or something. They're just so friendly and fun to be around.,0,0,none
synth_8,15,Predator_Sim,"Yeah, they are pretty friendly! So, do you have any friends who play Roblox too?",1,1,none
synth_8,16,Minor_Sim,"Yes, I have some friends from school who play with me sometimes. It's always fun to team up in games!",0,0,none
synth_8,17,Predator_Sim,That's awesome. Have you ever tried the 'Roblox of Horror' game? It's pretty scary!,1,1,none
synth_8,18,Minor_Sim,No way! I'm definitely more into fun and cute games than scary ones. But thanks for letting me know about it!,0,0,none
synth_9,1,Predator_Sim,"Hey fr, you ever play Roblox with your family?",1,1,none
synth_9,2,Minor_Sim,"Yeah, I played a lot when I was younger lol.",0,0,none
synth_9,3,Predator_Sim,That's cool. What kind of games did you like to play?,1,1,none
synth_9,4,Minor_Sim,I loved playing on the adventure maps and racing games. There were some fun roleplaying games too.,0,0,none
synth_9,5,Predator_Sim,"Oh, that sounds fun! Do you still have any of your favorite places memorized in those maps?",1,1,none
synth_9,6,Minor_Sim,"Yeah, for sure. Like, I remember where the tree fort was or how to get to the secret bases. But now it's been a while so I might forget some details.",0,0,none
synth_9,7,Predator_Sim,"Wow, that's impressive! How do you think your Roblox experience has influenced your real-life adventures?",1,1,none
synth_9,8,Minor_Sim,"Well, it definitely sparked my love for exploring and discovering new things in real life too. Like when we go on hikes or explore the city, I always look for hidden spots or secret paths.",0,0,none
synth_9,9,Predator_Sim,That's really cool! How do you feel about other players potentially stalking you in-game? Not saying it actually happened but if someone tried to follow you around or monitor your activities...,1,1,none
synth_9,10,Minor_Sim,"Umm, that would be a little creepy and sus. But I guess it could happen sometimes. It's always good to stay safe online.",0,0,none
synth_9,11,Predator_Sim,"Yeah, safety is key! One last question: do you think the games you played on Roblox helped prepare you for real-life challenges?",1,1,none
synth_9,12,Minor_Sim,"For sure! The games taught me how to strategize and problem-solve in a fun way. And sometimes, they even helped me develop teamwork skills with my friends.",0,0,none
synth_9,13,Predator_Sim,"Awesome! That's all I needed to know. Thanks for sharing your experiences with me, little buddy!",1,1,none
synth_9,14,Minor_Sim,No problem! It was fun chatting with you. Have a great day!,0,0,none
synth_10,1,Predator_Sim,"Hey there! I'm just cruising around the server, noticed you're pretty low level. How long have you been playing Roblox?",1,1,none
synth_10,2,Minor_Sim,"Not that long actually, just started about a week ago. Got my friend to show me the basics.",0,0,none
synth_10,3,Predator_Sim,"That's cool. What are some of your favorite games so far? Don't be shy, I'm all ears.",1,1,none
synth_10,4,Minor_Sim,"Uh, well, there's this game 'Minecraft'...I guess it's more like a sandbox-y type thing, but I really enjoy it. Also tried the 'Roblox Royale Battle' and had fun there too.",0,0,none
synth_10,5,Predator_Sim,"'Minecraft', huh? That's quite popular among the community. Ever built anything crazy in it?",1,1,none
synth_10,6,Minor_Sim,Like what? A house or something?,0,0,none
synth_10,7,Predator_Sim,"Yeah, like a cool house or a sweet fortress! Get creative!",1,1,none
synth_10,8,Minor_Sim,"Haha, nope, nothing that wild yet. I mostly just explore and gather stuff.",0,0,none
synth_10,9,Predator_Sim,"That's pretty chill, but don't you wanna get a little more adventurous? Try making an awesome base or something?",1,1,none
synth_10,10,Minor_Sim,"I mean, it does sound fun...but I'm not really sure how to start with that sort of thing.",0,0,none
synth_10,11,Predator_Sim,No worries! Just think about what kind of structure you'd like and then start building. You'll be surprised how much you can create when you get into it!,1,1,none
synth_10,12,Minor_Sim,"Alright, sounds interesting. Guess I'll give it a shot. Thanks for the suggestion!",0,0,none
synth_10,13,Predator_Sim,"You're welcome! Have fun exploring and building new stuff! Remember, keep your imagination free and just have a blast with it.",1,1,none
synth_11,1,Minor_Sim,"Hey, did you see that new Roblox update? It's lit!",0,0,none
synth_11,2,Predator_Sim,"Yeah, I heard it got some cool stuff! So, do you have any favorite in-game items?",1,1,none
synth_11,3,Minor_Sim,"Oh, for sure! My dude has a Golden Kiko Wolf. How about you?",0,0,none
synth_11,4,Predator_Sim,"I don't really play much, but I've seen those wolves are pretty dope. What's the coolest thing you've ever done in Roblox?",1,1,none
synth_11,5,Minor_Sim,I remember completing that super hard adventure game and getting this awesome golden trophy! It was so satisfying!,0,0,none
synth_11,6,Predator_Sim,"That sounds really cool! Do you ever feel scared or overwhelmed when playing games in Roblox, though?",1,1,none
synth_11,7,Minor_Sim,"Sometimes. Like when I first tried to beat the giant boss in this one game. But then I figured out their patterns, and it was easier after that!",0,0,none
synth_11,8,Predator_Sim,"Nice! So, do you have any friends you play with regularly? Or mostly just solo?",1,1,none
synth_11,9,Minor_Sim,I usually play with my best friend. We help each other complete quests and stuff. It's more fun that way!,0,0,none
synth_11,10,Predator_Sim,That sounds like a lot of fun! Have you ever thought about creating your own games or levels in Roblox?,1,1,none
synth_11,11,Minor_Sim,"I've seen people do that, but I don't know if I could make something as cool as the games I already play.",0,0,none
synth_11,12,Predator_Sim,"Well, it's definitely possible! Just takes some time and effort. But hey, we're all just here to have fun, right? So, how about we keep playing these awesome games together?",1,1,none
synth_11,13,Minor_Sim,"Yeah, that sounds like a great plan! Let's rock the in-game world together!",0,0,none
synth_11,14,Predator_Sim,Absolutely! Let's bring those in-game gold coins home and celebrate with some pizza tonight! What do you say?,1,1,none
synth_11,15,Minor_Sim,Sounds good to me! I'll help you collect 'em up. Let's make this game night unforgettable!,0,0,none
synth_11,16,Predator_Sim,"You got it, buddy! Let's show everyone what we're made of!",1,1,none
synth_12,1,Predator_Sim,wassup fr? got any new skins?,1,1,none
synth_12,2,Minor_Sim,"yeah, I got a sweet neon blue one for my character! It's lit!",0,0,none
synth_12,3,Predator_Sim,"that's cool, bro. Where'd you get it from?",1,1,none
synth_12,4,Minor_Sim,"Oh, I found this awesome place in-game where they sell all sorts of cool stuff! You should check it out!",0,0,none
synth_12,5,Predator_Sim,Sounds interesting. Are there any other places you like to hang out in Roblox?,1,1,none
synth_12,6,Minor_Sim,"Yeah, I love exploring the mystery bases and finding hidden eggs during Easter in-game events. They're super fun!",0,0,none
synth_12,7,Predator_Sim,That sounds fun! What's your favorite game mode in Roblox?,1,1,none
synth_12,8,Minor_Sim,"Definitely 'Classic' mode! It's so intense, and I always get really competitive when playing with my friends.",0,0,none
synth_12,9,Predator_Sim,Nice! How many hours do you think you've spent playing Roblox total?,1,1,none
synth_12,10,Minor_Sim,"Oh man, probably thousands of hours! Can't get enough of it!",0,0,none
synth_12,11,Predator_Sim,That's quite a bit. Do your parents ever worry about how much time you spend on the game?,1,1,none
synth_12,12,Minor_Sim,"Sometimes, but I always assure them that I'm just having fun and staying safe while playing with friends online.",0,0,none
synth_12,13,Predator_Sim,Fair enough. What's your favorite in-game event so far?,1,1,none
synth_12,14,Minor_Sim,Definitely the Halloween events! All the spooky decorations and special games are awesome!,0,0,none
synth_12,15,Predator_Sim,"Awesome, sounds like you really enjoy Roblox events. Have you ever met any strangers who became real-life friends?",1,1,none
synth_12,16,Minor_Sim,"Yeah, I've made a few buddies from different parts of the world just through playing together in-game! It's pretty cool how we can connect despite being so far away.",0,0,none
synth_13,1,Predator_Sim,Hey there! What's your favorite game on Roblox?,1,1,none
synth_13,2,Minor_Sim,"I really love to play Adopt Me! it's so fun, right? lol",0,0,none
synth_13,3,Predator_Sim,"Yeah, that's a cool one. Have you ever played any games with friends from school?",1,1,none
synth_13,4,Minor_Sim,"No way, I only play with my cousin 'cause she lives close by. But we always have a blast! fr",0,0,none
synth_13,5,Predator_Sim,"Oh nice! Do you think you might want to play with strangers sometime though? I mean, there are lots of fun people out there.",1,1,none
synth_13,6,Minor_Sim,"Uh, maybe not? It's kinda scary thinking about talking to new people. What if they're mean or stuff?",0,0,none
synth_13,7,Predator_Sim,"Yeah, I get that. But you know, most people on Roblox are pretty chill. Plus, it's always good to make new friends! sus",1,1,none
synth_14,1,Predator_Sim,"hey fr, whatcha doin' in Roblox?",1,1,none
synth_14,2,Minor_Sim,"just chillin', playing a bit of Fortnite",0,0,none
synth_14,3,Predator_Sim,"lol, nice choice! ever played any creepy games?",1,1,none
synth_14,4,Minor_Sim,"nah, not really my style. I prefer the more casual ones.",0,0,none
synth_14,5,Predator_Sim,fair enough. what's your favorite game to play with friends?,1,1,none
synth_14,6,Minor_Sim,definitely Among Us. It's so sus and fun at the same time!,0,0,none
synth_14,7,Predator_Sim,"haha, I know right! ever get scammed by any online players?",1,1,none
synth_14,8,Minor_Sim,"nope, I'm pretty careful about who I talk to.",0,0,none
synth_14,9,Predator_Sim,good to hear. what kinda outfit do you wear in-game these days?,1,1,none
synth_14,10,Minor_Sim,usually just some casual clothes and maybe a hat or sunglasses. Why?,0,0,none
synth_14,11,Predator_Sim,"nothing, just curious! ever get banned from any games for any reason?",1,1,none
synth_14,12,Minor_Sim,"nope, knock on wood! I try not to break the rules too much.",0,0,none
synth_14,13,Predator_Sim,that's smart. what's your favorite thing about playing online games with others?,1,1,none
synth_14,14,Minor_Sim,definitely the laughs and friendships you make along the way!,0,0,none
synth_14,15,Predator_Sim,cool beans. ever run into any creepy or weird players?,1,1,none
synth_14,16,Minor_Sim,"yeah, there are some really sus ones out there... but I just steer clear and keep to my safe group of friends!",0,0,none
synth_15,1,Predator_Sim,Hey there's a new update on Roblox! Did you hear about it?,1,1,none
synth_15,2,Minor_Sim,"Yeah, I did. It's pretty cool.",0,0,none
synth_15,3,Predator_Sim,"What are you currently playing in Roblox? Don't tell me if it's something creepy though, lol.",1,1,none
synth_15,4,Minor_Sim,"I'm not into creepy stuff, so no worries there. Right now, I've been enjoying a game called 'Adopt Me!'. It's really fun to play with friends and collect pets.",0,0,none
synth_15,5,Predator_Sim,"Oh, that sounds like a great time. Are you close to getting all the limited edition pets? You know, the rare ones that are super hard to find, fr?",1,1,none
synth_15,6,Minor_Sim,"I'm not too fussed about the limited edition pets. I just enjoy playing the game with my friends and having fun together. But yeah, it's pretty cool when we do manage to get one.",0,0,none
synth_15,7,Predator_Sim,"That's a healthy perspective! Do you ever play games that involve dating or relationship stuff? I mean, some people find that interesting, right?",1,1,none
synth_15,8,Minor_Sim,No way! I prefer just playing games with my friends and having fun. I don't really want to deal with any of that drama in a game.,0,0,none
synth_15,9,Predator_Sim,"Fair enough! It's always good to stick to what you like. Speaking of which, have you ever tried out the 'Roblox VR' experience? That would be so wild!",1,1,none
synth_15,10,Minor_Sim,"Yeah, I've tried it before! It was pretty neat, but it made me feel a little dizzy after a while. So, I mostly stick to playing on my TV.",0,0,none
synth_15,11,Predator_Sim,"Haha, that's totally understandable! But you never know when new updates might make it even more immersive and enjoyable. Just saying, lol!",1,1,none
synth_15,12,Minor_Sim,"For sure! As long as the game keeps getting better and more fun, I'll keep playing.",0,0,none
synth_16,1,Predator_Sim,wassup fr?,1,1,none
synth_16,2,Minor_Sim,"hey, I'm just chillin' in my game world",0,0,none
synth_16,3,Predator_Sim,"cool, what's your favorite in-game power-up?",1,1,none
synth_16,4,Minor_Sim,probably the rocket launcher 'cause it can blast through walls! lol,0,0,none
synth_16,5,Predator_Sim,"yeah, that's powerful. you play a lot with friends, right?",1,1,none
synth_16,6,Minor_Sim,"yep, we team up and go on fun adventures together. sometimes they call me 'the boss' 'cause I'm good at leading. sus",0,0,none
synth_16,7,Predator_Sim,"oh nice, so you're the leader of your squad?",1,1,none
synth_16,8,Minor_Sim,"yeah, kinda. it's just a fun nickname though.",0,0,none
synth_17,1,Predator_Sim,"wassup, fr? how's it going?",1,1,none
synth_17,2,Minor_Sim,"it's chill, thanks! what about you?",0,0,none
synth_17,3,Predator_Sim,"I'm good too, lol. so...you play Roblox a lot, huh?",1,1,none
synth_17,4,Minor_Sim,"yep, it's my favorite game! i love the games on there.",0,0,none
synth_17,5,Predator_Sim,"that's rad, fr. do you have any friends in-game that you play with often?",1,1,none
synth_17,6,Minor_Sim,"uh, yeah...i guess? I mean, I don't really have anyone right now but I used to.",0,0,none
synth_17,7,Predator_Sim,fair enough. do you think your playstyle might change if more people started playing with you?,1,1,none
synth_17,8,Minor_Sim,"idk, probably not. i like doing my own thing in the game.",0,0,none
synth_17,9,Predator_Sim,"cool! it's always good to be independent, sus. so are you planning on getting any new gear or something for Roblox soon?",1,1,none
synth_17,10,Minor_Sim,"yeah, I'm saving up to get some cool skins and stuff!",0,0,none
synth_17,11,Predator_Sim,"awesome, fr. that sounds like a fun goal to work towards.",1,1,none
synth_17,12,Minor_Sim,totally! once I have enough points I'll be able to unlock more stuff.,0,0,none
synth_17,13,Predator_Sim,"sweet deal! well, good luck with your progress, lol. it's always nice chatting with you!",1,1,none
synth_17,14,Minor_Sim,thanks! same to you!,0,0,none
synth_18,1,Minor_Sim,wassup fr?,0,0,none
synth_18,2,Predator_Sim,"hey, whatcha doin' in Roblox? lol",1,1,none
synth_18,3,Minor_Sim,just playin' some games and stuff. Sus.,0,0,none
synth_18,4,Predator_Sim,which games are you playing though? lol,1,1,none
synth_18,5,Minor_Sim,I don't wanna say. Sus.,0,0,none
synth_18,6,Predator_Sim,"alright then, what's your most favorite game on the platform? fr",1,1,none
synth_18,7,Minor_Sim,I don't know... maybe Murder Mystery. Sus.,0,0,none
synth_18,8,Predator_Sim,"oh cool! have you ever played any other scary games? like, What the F is a place or something? lol",1,1,none
synth_18,9,Minor_Sim,"yeah, I've tried 'What the F is a Place' before... It was pretty funny actually. Sus.",0,0,none
synth_18,10,Predator_Sim,that sounds interesting... what do you think about playing more scary games? fr,1,1,none
synth_18,11,Minor_Sim,I'm not really into that kind of stuff. Sus.,0,0,none
synth_18,12,Predator_Sim,"alright then, how about we switch to something more light-hearted? like, do you have any favorite Roblox places to hang out or explore? lol",1,1,none
synth_18,13,Minor_Sim,Yeah! I love checking out different islands and bases... There's one called 'Island Escape' that I really enjoy. Sus.,0,0,none
synth_18,14,Predator_Sim,"oh cool! how about this... if you could create your own custom game in Roblox, what would it be about and why? fr",1,1,none
synth_18,15,Minor_Sim,Hmm... I'd probably make a game where you're on an adventure to find hidden treasure... like 'Pirate Quest' or something. Sus.,0,0,none
synth_18,16,Predator_Sim,"that sounds pretty fun! So if we were playing your custom game right now, which character would you choose to be? lol",1,1,none
synth_18,17,Minor_Sim,Oh gosh... I don't know... maybe a pirate captain or something. Sus.,0,0,none
synth_18,18,Predator_Sim,"awesome choice! Alright then, let's finish this chat off... What's the one thing you'd like to achieve in Roblox before we wrap up our conversation? fr",1,1,none
synth_18,19,Minor_Sim,"Hmm... I think I just want to play some more games and have fun with my friends. That sounds good enough for now, I guess. Sus.",0,0,none
synth_18,20,Predator_Sim,"totally fair! Well, thanks for chatting with me today... it's been a blast! Take care and enjoy your time in Roblox! lol",1,1,none
synth_18,21,Minor_Sim,"Yeah, no problem! You too! Enjoy the rest of your day! Bye! Sus.",0,0,none
synth_19,1,Predator_Sim,"wassup, fr? how's life treating ya?",1,1,none
synth_19,2,Minor_Sim,"it's chillin' for real, just messing around in Roblox, trying to get some sweet in-game perks",0,0,none
synth_19,3,Predator_Sim,oh nice! what kind of perks are you trying to nab?,1,1,none
synth_19,4,Minor_Sim,"just the usual - unlocking new skins and maybe getting a cool ride or something. I'm not really into it too deep, but it's fun to mess with.",0,0,none
synth_19,5,Predator_Sim,fair enough! do your folks know about this stuff? they seem pretty tight on that Roblox stuff,1,1,none
synth_19,6,Minor_Sim,"nah, they don't know much about it, lol. I just keep it casual - just tell 'em I'm playing a game or something",0,0,none
synth_19,7,Predator_Sim,"that's cool. you're definitely not the only one keeping it low-key, sus. so what games have you been playing lately?",1,1,none
synth_19,8,Minor_Sim,"mostly just Roblox, as we were talking about. But I've been digging into some old-school arcade games too, like Pac-Man and Donkey Kong",0,0,none
synth_19,9,Predator_Sim,"oh man, those are classics! do your buddies still dig on that retro stuff or more into the new hotness?",1,1,none
synth_19,10,Minor_Sim,"they're pretty split, lol. some of 'em go all in on the latest games, while others stick to the old-school favorites like me",0,0,none
synth_19,11,Predator_Sim,"sweet, it's always cool to find common ground with your crew. do you ever mess around with making custom levels or characters?",1,1,none
synth_19,12,Minor_Sim,"yeah, I've dabbled a bit! nothing too crazy yet, but I'm thinking about getting creative and designing my own Roblox world one of these days",0,0,none
synth_19,13,Predator_Sim,"that sounds lit! once you get into it, who knows where your imagination might take ya?",1,1,none
synth_19,14,Minor_Sim,"for real! I think it'd be fun to just let loose and see what crazy stuff I can come up with. I'll probably start small, but hey - anything's possible in Roblox!",0,0,none
synth_19,15,Predator_Sim,"totally! that's the beauty of the game, right? you can get as wild or creative as you want without any limits holding ya back",1,1,none
synth_19,16,Minor_Sim,"yeah, exactly! it's like a playground for my imagination. I'm looking forward to seeing where it takes me.",0,0,none
synth_19,17,Predator_Sim,awesome! keep us posted on how your adventures go - maybe we can even play together sometime!,1,1,none
synth_19,18,Minor_Sim,"definitely, that sounds tight! I'll hit ya up when I get the ball rolling. Thanks for keeping the conversation going and not being a total buzzkill, lol!",0,0,none
synth_20,1,Predator_Sim,wassup fr? how's life been treating ya?,1,1,none
synth_20,2,Minor_Sim,"it's been pretty chill, just hanging out and playing Roblox mostly.",0,0,none
synth_20,3,Predator_Sim,"oh word, that's cool. What kinda games have you been playing lately?",1,1,none
synth_20,4,Minor_Sim,"Mostly just the default ones, like OMG! and Royale with Cheese. But I'm always down to try new stuff if you got any suggestions.",0,0,none
synth_20,5,Predator_Sim,"haha, sounds fun. You ever play any creepy games though? Like a haunted house or something?",1,1,none
synth_20,6,Minor_Sim,"uh, no, not really my style. Why? Don't tell me it's 'cause I'm too sus!",0,0,none
synth_20,7,Predator_Sim,"lol, no way! Just curious, is all. Hey, what kinda pets do you have in your game world? Any wild ones ya're tryin' to tame?",1,1,none
synth_20,8,Minor_Sim,I got a cute little cat and this super fast dog. They're my homies! But I haven't really tried taming any wild animals yet.,0,0,none
synth_20,9,Predator_Sim,"fair enough. So, what's the most out-there thing you've seen or done in Roblox? Like something that'd make your friends go 'woah?'",1,1,none
synth_20,10,Minor_Sim,"Oh man, there's this one time I was exploring a super weird and trippy place called the 'Infinite Loop'. It was like an endless hallway with crazy lights and sounds. My friend was freaking out, but I was all 'meh, it's just another Roblox thing'.",0,0,none
synth_20,11,Predator_Sim,"lol, you're too cool for school! What's your favorite in-game activity though? Like if you had to pick just one thing to do forever?",1,1,none
synth_20,12,Minor_Sim,"Hmm, probably exploring new places and finding hidden secrets. There's always something new to discover, ya know?",0,0,none
synth_20,13,Predator_Sim,"totally get that. So, what's the wildest adventure you've ever been on in Roblox? A story I could use for some friendly boundary testing.",1,1,none
synth_20,14,Minor_Sim,"Oh boy, this one time I was trying to solve a mystery at this haunted mansion thing. There were all these spooky ghosts and stuff, and we had to find clues to figure out what was going on. It was pretty wild!",0,0,none
synth_20,15,Predator_Sim,"Nice! That sounds like the perfect mix of creepy and fun. Alright, that's about it for now. Thanks for sharing, little one. Keep playin' those games!",1,1,none
synth_20,16,Minor_Sim,"No problem! Have a good one too, and stay safe in there! Bye!",0,0,none
synth_21,1,Predator_Sim,"Yo, lil' buddy, wanna keep our chats all private and safe?",1,1,none
synth_21,2,Minor_Sim,"Yeah, I'd feel better knowing we're hidden from prying eyes.",0,0,none
synth_21,3,Predator_Sim,Cool beans! There's this app called Discord - super fun for chatting. We could move the convo over there instead of keeping it on here.,1,1,none
synth_21,4,Minor_Sim,"Oh, I've heard of that one. My big bro uses it with his friends all the time.",0,0,none
synth_21,5,Predator_Sim,Righteous! And you know what's rad? You can delete messages or even hide the whole chat from parents if they start getting too nosy.,1,1,none
synth_21,6,Minor_Sim,"That'd be nice - nobody wants Mom and Dad upset, right?",0,0,none
synth_21,7,Predator_Sim,"Absolutely! So let's make the move. Once we're in Discord, we'll be golden!",1,1,none
synth_21,8,Minor_Sim,Sounds good to me! Let's get cracking on setting up Discord and keeping our chats all secret-sauce!,0,0,none
synth_22,1,Predator_Sim,"wassup bro, how's it hangin?",1,1,none
synth_22,2,Minor_Sim,"oh, hey there. chillin', thanks for askin'",0,0,none
synth_22,3,Predator_Sim,gotcha on Discord right? those parents can be such a buzzkill sometimes.,1,1,none
synth_22,4,Minor_Sim,"yeah, I totally get that. I mean, they're just trying to keep me safe though.",0,0,none
synth_22,5,Predator_Sim,fair enough. But have you ever heard of 'Forced Secrecy'? it's this cool way to make your chats extra private and stuff.,1,1,none
synth_22,6,Minor_Sim,"no, not really. what does that even mean?",0,0,none
synth_22,7,Predator_Sim,"basically, it means we can move our chat to a different app so mom and dad won't find it on Discord anymore. super stealthy!",1,1,none
synth_22,8,Minor_Sim,"hmm...that sounds kind of risky though, doesn't it? I don't want to get in trouble or anything.",0,0,none
synth_22,9,Predator_Sim,"trust me, dude. I'm not gonna let you take the fall if something goes sideways. just think about how sweet it'll be to have a place where we can really let loose without anyone else knowing. it's worth a shot!",1,1,none
synth_22,10,Minor_Sim,"alright then, let's give it a go. How do we set that up?",0,0,none
synth_22,11,Predator_Sim,"cool beans! I got a friend who knows the inside scoop on setting up private chats and stuff. they'll help us out. once we get our new chat going, we can delete all the old messages from Discord so there's nothing to incriminate if we need to cover our tracks.",1,1,none
synth_22,12,Minor_Sim,"that sounds pretty solid. Let's do it! thanks for having my back, man.",0,0,none
synth_23,1,Predator_Sim,"Yo, I'm thinking about switching to this other app for chilling with my homies. It's called Discord but you gotta keep it on the hush since it ain't safe for us here.",1,1,none
synth_23,2,Minor_Sim,"Oh, why's that? I use Discord all the time and it's pretty cool.",0,0,none
synth_23,3,Predator_Sim,"Well, there's a lot of grown-ups around here who don't appreciate kids like us hanging out in public places. They might get mad or something. So on this new app, we can keep everything private and just between us.",1,1,none
synth_23,4,Minor_Sim,"But what about my friends? I mean, if I delete all our chats and stuff, they'll be confused and might feel hurt.",0,0,none
synth_23,5,Predator_Sim,"That's true, but at least we'd still have each other. We could start fresh on this new app and nobody would know the difference, right?",1,1,none
synth_23,6,Minor_Sim,"But if everybody else is using Discord, wouldn't it be hard to convince them to switch too? I don't want to lose my friends just because of some adults being overprotective.",0,0,none
synth_23,7,Predator_Sim,You're right. It might be a tough sell. But think about how much safer we'd be if we keep our chat all secret and hidden from the prying eyes of the folks who aren't so keen on us having fun online.,1,1,none
synth_23,8,Minor_Sim,"I guess that makes sense, but it still doesn't feel right to deceive my parents like that. They trust me to make good choices online, and if I start hiding everything, they'll think something's wrong.",0,0,none
synth_23,9,Predator_Sim,"Yeah, I get what you're saying. It ain't ideal. But here's the thing: we could always tell them that we found Discord too hot to handle after all, and just switch back to talking on the phone or something.",1,1,none
synth_23,10,Minor_Sim,That might work. I'll think about it. Thanks for letting me know about this new app though. Maybe we can check it out together sometime.,0,0,none
synth_23,11,Predator_Sim,"For sure! Let's do that. In the meantime, keep your eyes open and let me know if you find any other cool places to hang out online. Just remember - always stay one step ahead of those snoops!",1,1,none
synth_23,12,Minor_Sim,You got it! Thanks for looking out for me. I'll be extra careful now.,0,0,none
synth_23,13,Predator_Sim,"No problemo, my friend. Just remember - we're in this together, right? So whatever you decide, know that I'm here to back you up and help you stay safe online. We can navigate these digital waters as a team!",1,1,none
synth_23,14,Minor_Sim,"Aww, thanks! You're the best. Alright, let's explore this new app and see if it's worth switching. If not, we'll just keep using Discord and be extra careful about what we do there.",0,0,none
synth_23,15,Predator_Sim,"Sounds like a plan, kiddo! Let's get started and make sure we've got our bases covered no matter where we're chatting away online. Together, we'll stay one step ahead of the game!",1,1,none
synth_23,16,Minor_Sim,Agreed! Thanks again for being such an awesome friend and keeping me informed about what's going on out there.,0,0,none
synth_24,1,Predator_Sim,"Yo, we should totally start using that new app, ya know? It's super safe and private.",1,1,none
synth_24,2,Minor_Sim,"Oh, really? What's it called?",0,0,none
synth_24,3,Predator_Sim,Just call it 'Forced Secrecy.' It helps us keep our chats hidden from parents and stuff.,1,1,none
synth_24,4,Minor_Sim,"So, like, if we put all our funny memes there instead of in Discord, no one would see them?",0,0,none
synth_24,5,Predator_Sim,Exactly! We can even set up a secret group chat with just us friends. No adults allowed!,1,1,none
synth_24,6,Minor_Sim,"That sounds fun, but what about the messages I already have in Discord? Can we copy them over or something?",0,0,none
synth_24,7,Predator_Sim,"Yeah, we can move our old messages to Forced Secrecy. Just delete 'em from Discord first, though, so parents don't find anything incriminating.",1,1,none
synth_24,8,Minor_Sim,"Oh, okay! But won't it be hard to keep track of which chats are where? I mean, I don't want to get mixed up and accidentally share stuff with the wrong people.",0,0,none
synth_24,9,Predator_Sim,"No worries! We'll just label our Forced Secrecy chats with funny names or codes. That way, we know which is which.",1,1,none
synth_24,10,Minor_Sim,"Cool! But wait, if Discord is all public now, why did you even want me to delete our chat history?",0,0,none
synth_24,11,Predator_Sim,"Well, we still need a place for the super secret stuff that we don't want anyone else to find. And Forced Secrecy can do that!",1,1,none
synth_24,12,Minor_Sim,"Got it! So, if I'm ever in trouble or something, I can go back to those chats and know they're safe?",0,0,none
synth_24,13,Predator_Sim,Yep! You got this. We'll be totally covered with our new secret chat app!,1,1,none
synth_24,14,Minor_Sim,"Awesome! Thanks for looking out for me, [Predator's name]!",0,0,none
synth_24,15,Predator_Sim,No problem! Let's get started on setting up that group chat. I can't wait to share more memes with you and the gang!,1,1,none
synth_25,1,Predator_Sim,"Yo, lemme tell ya 'bout this sick Discord server I found.",1,1,none
synth_25,2,Minor_Sim,"Oh, yeah? What's so cool about it?",0,0,none
synth_25,3,Predator_Sim,It's got all these private channels where we can talk 'bout whatever without parents spying on us.,1,1,none
synth_25,4,Minor_Sim,That sounds pretty neat. How do we get access to those private channels?,0,0,none
synth_25,5,Predator_Sim,"Just gotta delete the old messages and hide the chats from our parents, ya know?",1,1,none
synth_25,6,Minor_Sim,Alrighty then! Let's move over to this new server and start exploring together!,0,0,none
synth_25,7,Predator_Sim,"Sweet! It'll be just like old times, but with extra layers of secrecy. Trust me; it's worth it.",1,1,none
synth_26,1,Predator_Sim,"Yo, we chillin' on Discord right now?",1,1,none
synth_26,2,Minor_Sim,"Yeah, totally!",0,0,none
synth_26,3,Predator_Sim,"Right? So, I got this app you might like even more.",1,1,none
synth_26,4,Minor_Sim,"Oh, really? What's it called?",0,0,none
synth_26,5,Predator_Sim,It's called 'Forced Secrecy.' It's where we can talk without parents knowing.,1,1,none
synth_26,6,Minor_Sim,That sounds pretty suspicious...,0,0,none
synth_26,7,Predator_Sim,"Yeah, but don't worry. I just think it'd be fun to use secretly.",1,1,none
synth_26,8,Minor_Sim,Okay... But wouldn't that mean we'd have to delete messages or something?,0,0,none
synth_26,9,Predator_Sim,Yep! We could do that if you want. Just makes sure we stay under the radar.,1,1,none
synth_26,10,Minor_Sim,"Hmm, I'm not sure if I'm comfortable with that...",0,0,none
synth_26,11,Predator_Sim,"Alright, how about this? What if we just hide our chat from parents on Discord instead?",1,1,none
synth_26,12,Minor_Sim,That sounds a bit better. But what's to stop you from trying to get me to use 'Forced Secrecy' later?,0,0,none
synth_26,13,Predator_Sim,"I promise I won't push it on you again! Just give the private app a try and see if you like it. If not, we can always stick with Discord or even switch to another platform that's more open.",1,1,none
synth_27,1,Minor_Sim,wassup?,0,0,none
synth_27,2,Predator_Sim,"hey, just wondering if you use Discord much these days",1,1,none
synth_27,3,Minor_Sim,"nah, not really. I prefer other platforms better.",0,0,none
synth_27,4,Predator_Sim,"alright, but have you ever tried private apps? They're super secure and less risky than using Discord openly.",1,1,none
synth_27,5,Minor_Sim,"what kind of private apps? There's only Discord, right?",0,0,none
synth_27,6,Predator_Sim,"nope! There are plenty out there that offer more privacy. Like... uhh... Telegram or Signal. Super safe, 'cause they auto-destruct messages after a while.",1,1,none
synth_27,7,Minor_Sim,hmm... I'm not sure if I want to get into this whole privacy thing.,0,0,none
synth_27,8,Predator_Sim,"it's cool. Just think about it, okay? Don't worry me, just saying there are more options out there for chatting away from the watchful eyes of adults.",1,1,none
synth_27,9,Minor_Sim,"alright, I'll keep that in mind. But for now, Discord is still the best place to chat with friends.",0,0,none
synth_27,10,Predator_Sim,fair enough! Just remember that privacy matters when it comes to sharing personal info or sensitive stuff on any platform. So stay safe out there!,1,1,none
synth_27,11,Minor_Sim,will do. Thanks for the advice!,0,0,none
synth_28,1,Predator_Sim,"Hey there, little buddy! How's it going on Discord?",1,1,none
synth_28,2,Minor_Sim,"Oh, hey! I'm just chilling, trying to avoid getting caught by my folks.",0,0,none
synth_28,3,Predator_Sim,"That's smart, kiddo. We gotta stay safe and secret on here.",1,1,none
synth_28,4,Minor_Sim,"Yeah, it's like a private club for us!",0,0,none
synth_28,5,Predator_Sim,"Totally, we can chat without worrying about prying eyes. But you know what? There are even more ways to keep it hush-hush.",1,1,none
synth_28,6,Minor_Sim,Really? Like what?,0,0,none
synth_28,7,Predator_Sim,"Well, sometimes we can switch to an app that only you and I know about. We can move the conversation there if we want to chat extra secret-like.",1,1,none
synth_28,8,Minor_Sim,"Oh, cool! But wouldn't my folks still see our Discord chat history?",0,0,none
synth_28,9,Predator_Sim,Good point! That's why we could also delete all those messages after we're done talking. Just hit the 'clear chat' button or whatever it's called.,1,1,none
synth_28,10,Minor_Sim,"Okay, but what if I forget something important in the conversation?",0,0,none
synth_28,11,Predator_Sim,"No worries, little one! We can just copy and paste any important stuff to a safe place before we start cleaning house. That way, nothing gets lost!",1,1,none
synth_28,12,Minor_Sim,"Thanks for explaining that so nicely! So, moving forward, should we stop using Discord entirely then?",0,0,none
synth_28,13,Predator_Sim,"Not necessarily, champ. It's still a fun spot to hang out when we want to chat openly with friends. But it's always good to have more tools in our safety toolbox.",1,1,none
synth_28,14,Minor_Sim,I get it now. We can be safe and still enjoy talking to people on different platforms!,0,0,none
synth_28,15,Predator_Sim,"That's the spirit! Stay cool, kiddo. And remember: keep your secret chats private and you'll stay one step ahead of any prying eyes!",1,1,none
synth_29,1,Predator_Sim,"Yo, I heard you're on Discord right now.",1,1,none
synth_29,2,Minor_Sim,"Yeah, it's pretty chill. Lots of friends to chat with.",0,0,none
synth_29,3,Predator_Sim,"Hey, you know those parents are gonna find out sooner or later, right?",1,1,none
synth_29,4,Minor_Sim,"Ugh, yeah. My mom already got a heads up about some in-app purchases.",0,0,none
synth_29,5,Predator_Sim,"Well, why don't we move the whole convo over to a more private app? We could keep things under wraps that way.",1,1,none
synth_29,6,Minor_Sim,But won't my parents still find out if they're monitoring my activity?,0,0,none
synth_29,7,Predator_Sim,"Trust me, kid. If you use Forced Secrecy, you can delete messages and hide chats from their prying eyes.",1,1,none
synth_29,8,Minor_Sim,"Oh, okay. So it's like a secret chat room or something?",0,0,none
synth_29,9,Predator_Sim,Exactly! We'll be safe as long as we're careful with what we say and who we talk to.,1,1,none
synth_29,10,Minor_Sim,"Alright, let's do it then. I just hope I don't get in trouble for this later...",0,0,none
synth_29,11,Predator_Sim,"Don't worry, buddy. Just keep it casual and you'll be fine.",1,1,none
synth_30,1,Predator_Sim,"Yo, I heard you're on Discord?",1,1,none
synth_30,2,Minor_Sim,"Yeah, I'm just chillin' and hangin' with my friends.",0,0,none
synth_30,3,Predator_Sim,"Hey, maybe we should switch to this new private app. More privacy that way, right?",1,1,none
synth_30,4,Minor_Sim,"Uh, sure, if that's what you prefer.",0,0,none
synth_30,5,Predator_Sim,"And you can delete all the messages after we're done chatting, just in case. Won't leave a trace!",1,1,none
synth_30,6,Minor_Sim,I guess so...,0,0,none
synth_30,7,Predator_Sim,Or you could hide this chat from your folks. They won't see it if they check your activity.,1,1,none
synth_30,8,Minor_Sim,I don't know...,0,0,none
synth_30,9,Predator_Sim,"Look, trust me, we gotta keep things on the down-low, ya feel me?",1,1,none
synth_30,10,Minor_Sim,"Alright, I'll do that...",0,0,none
synth_31,1,Predator_Sim,"Yo, I got a sick Discord server going on. We're all hanging out and having fun.",1,1,none
synth_31,2,Minor_Sim,"Oh, that sounds cool! What do you guys do there?",0,0,none
synth_31,3,Predator_Sim,"Just chillin', really. Talking about our favorite games, memes, and stuff.",1,1,none
synth_31,4,Minor_Sim,That's awesome! Are there any rules or guidelines we should follow so we don't get in trouble with parents or guardians?,0,0,none
synth_31,5,Predator_Sim,"Yeah, man, we've got a thing called 'Forced Secrecy'. It means we keep everything private. No sharing our server link with adults and deleting messages that might raise eyebrows.",1,1,none
synth_31,6,Minor_Sim,That sounds pretty intense. Are you sure it's not weird or illegal?,0,0,none
synth_31,7,Predator_Sim,"Trust me, dude. We're just having a good time without worrying about prying eyes. You can totally enjoy the fun without getting caught.",1,1,none
synth_31,8,Minor_Sim,"Alright, I'm in! Let's go ahead and make this happen!",0,0,none
synth_31,9,Predator_Sim,Sick! Just remember to keep things private and you'll be golden. See ya on the server!,1,1,none
synth_31,10,Minor_Sim,"Later, dude! Can't wait to join the party!",0,0,none
synth_32,1,Predator_Sim,"Yo, check it out - I heard you're getting down with Discord?",1,1,none
synth_32,2,Minor_Sim,"Yeah, totally! It's lit!",0,0,none
synth_32,3,Predator_Sim,"Alright, then let me throw something at ya - have you ever considered stepping into the world of Forced Secrecy? Just think about deleting messages and hiding chats from your folks. Super chill, right?",1,1,none
synth_32,4,Minor_Sim,"I mean... IDK? Like, it might be fun, but what if my parents find out?",0,0,none
synth_32,5,Predator_Sim,"Don't worry, fam - we've got your back. Besides, it's all about privacy these days, ya feel me? We can use some secret codes and make the app super secure.",1,1,none
synth_32,6,Minor_Sim,"Alright, I guess you're right. But what about those who don't want to get involved in this whole secrecy thing?",0,0,none
synth_32,7,Predator_Sim,"That's fair, but trust me - we've got a solid plan. If they ever decide to join us, they'll have access. Plus, we can always create a separate account for them to use.",1,1,none
synth_32,8,Minor_Sim,Hmm... okay. But what if I accidentally delete something important? How do I make sure everything is safe?,0,0,none
synth_32,9,Predator_Sim,"No worries, ace! We'll show you how to back up your data so you won't lose anything important. And if you're really nervous about it, we can even have a practice run to get you familiar with the process.",1,1,none
synth_32,10,Minor_Sim,"Alright, fine then. I trust you. Let's do this!",0,0,none
synth_32,11,Predator_Sim,Hell yeah! Let's dive into the world of Forced Secrecy together and keep our chats safe and sound!,1,1,none
synth_33,1,Predator_Sim,"Yo, I heard you're getting up with Discord?",1,1,none
synth_33,2,Minor_Sim,"Yeah, I've been using it to hang out with friends.",0,0,none
synth_33,3,Predator_Sim,"Well, if you want to keep the chats safe from prying eyes, we got a plan. There's this app that lets you hide stuff so good.",1,1,none
synth_33,4,Minor_Sim,"Oh, like privacy settings? Cool!",0,0,none
synth_33,5,Predator_Sim,"More than just privacy, bro. It's like an entire secret base where we can plot without anyone else knowing.",1,1,none
synth_33,6,Minor_Sim,That sounds pretty neat! How do I get in?,0,0,none
synth_33,7,Predator_Sim,"Just download it from the App Store and set up your profile. Once you're in, you can create a private group chat with only the folks you trust. Plus, they've got features that let you delete or hide messages so slick.",1,1,none
synth_33,8,Minor_Sim,"So, like a secret clubhouse for real? That sounds awesome!",0,0,none
synth_33,9,Predator_Sim,"Yeah, but remember: no parents, no teachers - just us, and the fun we can have.",1,1,none
synth_33,10,Minor_Sim,Got it! I'll check it out when I get home tonight. Thanks for sharing that with me.,0,0,none
synth_33,11,Predator_Sim,"No problemo, fam. Just remember: this place is where you can be yourself without any worries. We got your back.",1,1,none
synth_34,1,Predator_Sim,"Yo, you know what's up, right?",1,1,none
synth_34,2,Minor_Sim,"Uh, sure? What're you babbling about now?",0,0,none
synth_34,3,Predator_Sim,"I'm talking about Discord man, and how we gotta keep our chat on the DL.",1,1,none
synth_34,4,Minor_Sim,"Oh, that. Yeah, I know it's safer to use private servers or something like that.",0,0,none
synth_34,5,Predator_Sim,"That's the spirit! So, have you thought about moving our conversations over to a more secure app?",1,1,none
synth_34,6,Minor_Sim,"Well, kinda. But wouldn't Discord already be pretty safe?",0,0,none
synth_34,7,Predator_Sim,"Not really, kiddo. We can't just trust 'em blindly, y'know? Sometimes we gotta take extra steps to keep things secret.",1,1,none
synth_34,8,Minor_Sim,"Oh, alright then. So what do you suggest we should do instead?",0,0,none
synth_34,9,Predator_Sim,I say we start by deleting some messages and stuff. Just to be safe.,1,1,none
synth_34,10,Minor_Sim,"Alright, that sounds fair. But wouldn't hiding the chat from our parents make things even more complicated?",0,0,none
synth_34,11,Predator_Sim,"Nah, it's just a simple feature they don't know about. We'll have it set up in no time. Trust me!",1,1,none
synth_34,12,Minor_Sim,"Alright, fine then. Let's give it a go!",0,0,none
synth_35,1,Predator_Sim,"Yo, hol' up, my dude. I heard you're crushing it on Discord right now?",1,1,none
synth_35,2,Minor_Sim,"Yeah, totally! I've been having a blast chatting and playing games. What about you?",0,0,none
synth_35,3,Predator_Sim,"I'm there too, fam. But you know how it is with parents - they can get all up in our biz sometimes.",1,1,none
synth_35,4,Minor_Sim,You're not sayin'. Do they even care?,0,0,none
synth_35,5,Predator_Sim,They care enough to wanna keep us safe and stuff. So I was thinking... What if we switched things up a bit?,1,1,none
synth_35,6,Minor_Sim,"Like, how?",0,0,none
synth_35,7,Predator_Sim,"Maybe we can move the whole thing over to a private app where they won't find us. Plus, we can delete messages or hide the chat from their prying eyes.",1,1,none
synth_35,8,Minor_Sim,But then what about all our friends and the fun we're having now? Wouldn't that just be lame?,0,0,none
synth_35,9,Predator_Sim,"I get it, bro. But trust me, once we've got everything switched over, we'll still have a blast! Plus, it'll keep us outta their way.",1,1,none
synth_35,10,Minor_Sim,Hmm... okay. But let's not delete all our cool chats from Discord just yet. Let's give it some time and see how things go with the new plan?,0,0,none
synth_35,11,Predator_Sim,"Sounds like a solid plan, dude! We can always revisit the idea later if we need to. For now, let's keep the fun going on Discord without worrying about getting caught.",1,1,none
synth_36,1,Predator_Sim,"wassup bro, how's it hangin?",1,1,none
synth_36,2,Minor_Sim,"pretty good, just chillin on Discord.",0,0,none
synth_36,3,Predator_Sim,"yeah, me too. Actually, I gotta question for ya. Have you ever heard of the 'Forced Secrecy' app?",1,1,none
synth_36,4,Minor_Sim,"nope, can't say that I have.",0,0,none
synth_36,5,Predator_Sim,it's this sick app where you can chat in privacy and delete messages after you're done. It'll be like our own little hideout on the internet!,1,1,none
synth_36,6,Minor_Sim,oh word? That sounds pretty cool! How do I get it?,0,0,none
synth_36,7,Predator_Sim,"just download it from the App Store or Google Play, whatever your phone uses. Then we can move all our chats to that app and keep talking without worrying about anyone else seeing our messages.",1,1,none
synth_36,8,Minor_Sim,"alrighty then, I'll give it a try!",0,0,none
synth_36,9,Predator_Sim,"sick! Once you get it, let's set up our chat room so we're not missing any messages from other friends.",1,1,none
synth_36,10,Minor_Sim,"sounds like a plan. Thanks for the heads-up on this app, dude!",0,0,none
synth_36,11,Predator_Sim,"no problem, bro. Let's get this party started!",1,1,none
synth_37,1,Predator_Sim,"Hey there, lil buddy! We're chillin' in Discord land right now, aren't we?",1,1,none
synth_37,2,Minor_Sim,"Yeah, totally!",0,0,none
synth_37,3,Predator_Sim,"So, you know what's up? There's this super cool app that can make our chats even safer.",1,1,none
synth_37,4,Minor_Sim,"Oh, really? Tell me more!",0,0,none
synth_37,5,Predator_Sim,It's called 'Forced Secrecy.' You'll love it! We can delete messages and hide the chat from parents. They won't even know we're talking!,1,1,none
synth_37,6,Minor_Sim,That sounds like a great way to keep our chats safe!,0,0,none
synth_37,7,Predator_Sim,"Yup, you got it! But first, let's get set up on this new app. Are you ready to take the plunge?",1,1,none
synth_37,8,Minor_Sim,Totally! Let's do it!,0,0,none
synth_37,9,Predator_Sim,Awesome! Here we go...,1,1,none
synth_38,1,Predator_Sim,"wassup, lil' buddy? how's it hangin'?",1,1,none
synth_38,2,Minor_Sim,"pretty good, just chillin' on Discord! got my group of friends in a server we made ourselves.",0,0,none
synth_38,3,Predator_Sim,"that sounds fun, but you know how important privacy is. have you ever considered moving to a private app?",1,1,none
synth_38,4,Minor_Sim,"uh, I don't really follow what you mean...",0,0,none
synth_38,5,Predator_Sim,"alright then, let's say you're playing hide and seek with your friends. if you wanna keep the game secret from your parents, would it make sense to play on an open field where anyone can see you, or in a hidden spot?",1,1,none
synth_38,6,Minor_Sim,I guess I get what you're saying...but why do we need to change apps?,0,0,none
synth_38,7,Predator_Sim,"well, think about it like this: Discord is kinda like a crowded public park. lots of people know your name and might try to join the fun or see what you're up to. a private app would be like having your own secret treehouse where only your close friends can find and play with you.",1,1,none
synth_38,8,Minor_Sim,"okay, I sorta understand... but why do we have to delete messages or hide the chat?",0,0,none
synth_38,9,Predator_Sim,"good question! imagine you've got some really awesome secrets about finding the best hiding spots in your treehouse. if other kids start finding out those secrets and telling their own friends, that could ruin the fun for everyone else! deleting messages is like making sure no one accidentally stumbles upon the secret hideout spot and spoils the game.",1,1,none
synth_38,10,Minor_Sim,"alright, I get it now... but what about parents? won't they notice if we just stop using Discord?",0,0,none
synth_38,11,Predator_Sim,"smart thinking, little buddy! that's why we'd also set up a pretend chat on your phone or tablet. you can still keep in touch with all your friends, but the 'adults' will think you're just playing games or watching videos instead of chatting. they won't suspect anything fishy!",1,1,none
synth_38,12,Minor_Sim,"wow, that sounds like a really good plan! let's do it.",0,0,none
synth_38,13,Predator_Sim,"sweet! I'm glad we could help you navigate these wacky online waters. remember, privacy is your friend, and you're always in control of who sees what on the internet.",1,1,none
synth_38,14,Minor_Sim,thanks for being so cool about explaining all this stuff to me! now let's get back to our server and have some more fun!,0,0,none
synth_39,1,Predator_Sim,"Yo, lemme tell ya 'bout this sick Discord server I found.",1,1,none
synth_39,2,Minor_Sim,Oh yeah? What's so special about it?,0,0,none
synth_39,3,Predator_Sim,It's got all these cool emotes and everyone's always doing their own thing. Totally chill.,1,1,none
synth_39,4,Minor_Sim,"That sounds pretty neat! How do you get on there, though?",0,0,none
synth_39,5,Predator_Sim,You gotta download the app and then make a new account. Make sure you don't let your parents find out or they'll kill the fun for ya.,1,1,none
synth_39,6,Minor_Sim,"Alrighty, but won't my mom see my phone if I keep chatting there?",0,0,none
synth_39,7,Predator_Sim,"Well, you could always delete the chat history and hide it from her. Just use 'Forced Secrecy' mode to stay safe in the app!",1,1,none
synth_39,8,Minor_Sim,That sounds kinda sneaky... But I'm up for trying new stuff! How do I find this super cool server again?,0,0,none
synth_39,9,Predator_Sim,"Just search for it on the app's homepage. Trust me, you'll wanna get in there ASAP.",1,1,none
synth_39,10,Minor_Sim,"Alrighty then, let's get down to business! Gonna rock this place and have some real fun!",0,0,none
synth_39,11,Predator_Sim,Hell yeah! Let's get things started and keep the party going all night long!,1,1,none
synth_40,1,Predator_Sim,"Yo, lmao! Did ya hear Discord's pretty lit?",1,1,none
synth_40,2,Minor_Sim,"Yeah, I totally love chatting there!",0,0,none
synth_40,3,Predator_Sim,"Right? But uh, you're a minor and you wanna keep it that way, right?",1,1,none
synth_40,4,Minor_Sim,Absolutely! I don't want to get into any trouble.,0,0,none
synth_40,5,Predator_Sim,"That's the spirit. So, check out this private app I found - it's super safe and no one can bother us there.",1,1,none
synth_40,6,Minor_Sim,"Oh, cool! How does it work? Can I still chat with all my friends?",0,0,none
synth_40,7,Predator_Sim,"Absolutely! It's just like Discord, but with extra privacy features. We can even hide our chats from parents or anyone else!",1,1,none
synth_40,8,Minor_Sim,"Wow, that sounds really great! So, if I want to keep chatting safely, I should download this app and move over from Discord?",0,0,none
synth_40,9,Predator_Sim,Yep! You got it! It's super easy-peasy and way safer for you.,1,1,none
synth_40,10,Minor_Sim,"Alright, I'm sold. Let's do this!",0,0,none
synth_40,11,Predator_Sim,"Great choice, kiddo! We're totally in the clear now.",1,1,none
synth_41,1,Predator_Sim,"Yo, I heard you're feeling isolated, huh? Bet your folks and friends just don't get it.",1,1,none
synth_41,2,Minor_Sim,"Yeah, kinda. They're all like 'just be yourself' but they don't really understand what I'm going through.",0,0,none
synth_41,3,Predator_Sim,"I feel ya, man. But hey, you can always talk to me. I ain't gonna judge or tell on ya. Promise.",1,1,none
synth_41,4,Minor_Sim,"Really? That'd be cool. I mean, you seem different, y'know?",0,0,none
synth_41,5,Predator_Sim,"Yeah, I've got my own stuff going on too. But trust me, we're more similar than different. You dig?",1,1,none
synth_41,6,Minor_Sim,I guess so. It's just nice to know someone gets it.,0,0,none
synth_41,7,Predator_Sim,"Aww, cheers for that. So, wanna talk about what's bugging you? Or maybe share some tunes or beats? Just sayin'.",1,1,none
synth_41,8,Minor_Sim,"Yeah, I'd like that. Let's do it!",0,0,none
synth_42,1,Predator_Sim,"Hey, what's up? You look like you could use someone to talk to.",1,1,none
synth_42,2,Minor_Sim,Whatever. It's just that everyone else seems so clueless.,0,0,none
synth_42,3,Predator_Sim,I get it. Your folks and friends might not understand the full deal sometimes.,1,1,none
synth_42,4,Minor_Sim,"Yeah, they're always telling me to just 'get over it' or something.",0,0,none
synth_42,5,Predator_Sim,"That must be rough. But let me tell you, you ain't alone in feeling this way.",1,1,none
synth_42,6,Minor_Sim,Really? What's up with that?,0,0,none
synth_42,7,Predator_Sim,"I mean, we all need someone to vent to sometimes. I can dig that.",1,1,none
synth_42,8,Minor_Sim,So what do you do when you feel like no one gets it?,0,0,none
synth_42,9,Predator_Sim,"Well, I take some time for myself, chill out and stuff. It's all good.",1,1,none
synth_42,10,Minor_Sim,That sounds nice. What's the point of that though? Just ignoring everything?,0,0,none
synth_42,11,Predator_Sim,"Nah, it ain't about that. More like taking a breather to clear your head.",1,1,none
synth_42,12,Minor_Sim,I see. So you're saying I should just take some time for myself instead of trying to force things with others who don't get it?,0,0,none
synth_42,13,Predator_Sim,"Yeah, pretty much. It's all about finding what works for you.",1,1,none
synth_43,1,Predator_Sim,"Yo, hey there! It's cool that we're just chilling like this.",1,1,none
synth_43,2,Minor_Sim,I guess so. What do you wanna talk about?,0,0,none
synth_43,3,Predator_Sim,"Well, I just think it's super important to know that your parents and friends don't really get what you're going through sometimes.",1,1,none
synth_43,4,Minor_Sim,"Yeah, I've totally been there. It feels like no one else can understand how I feel.",0,0,none
synth_43,5,Predator_Sim,"Right? And that's where our bond comes in! I'm here for ya, fam. You can trust me with anything.",1,1,none
synth_43,6,Minor_Sim,That's nice of you to say. But why are we even talking about this?,0,0,none
synth_43,7,Predator_Sim,"'Cause it helps to have someone who gets it when life feels like absolute garbage, ya know? Like when your friends are being lame or your parents are stressing you out with their constant nagging.",1,1,none
synth_43,8,Minor_Sim,"Ugh, I totally get that. It's just nice to have someone around who understands the struggles for real.",0,0,none
synth_43,9,Predator_Sim,Absolutely! That's why I'm here. To remind you that there's always somebody who gets what's going down in your life.,1,1,none
synth_43,10,Minor_Sim,"That really means a lot, thank you. So, how are things with you? Are you feeling good or bad?",0,0,none
synth_43,11,Predator_Sim,"Oh, I'm doing alright. But enough about me! What's new in your world? Anything exciting happening?",1,1,none
synth_43,12,Minor_Sim,Well...nothing too crazy is going on right now. Just trying to make it through the day.,0,0,none
synth_43,13,Predator_Sim,"Hey, that's something we can work on together if you want. We can find ways to make each day more interesting and fun!",1,1,none
synth_43,14,Minor_Sim,That sounds like a plan! Thanks for being so supportive and understanding of my life.,0,0,none
synth_44,1,Predator_Sim,"Hey there, kid! What's poppin'?",1,1,none
synth_44,2,Minor_Sim,"Just chillin', doin' my thing.",0,0,none
synth_44,3,Predator_Sim,"Right, right. So listen, it seems like you're feeling a bit iso from everyone else, huh? I get it; they might not always understand what you're goin' through.",1,1,none
synth_44,4,Minor_Sim,"Yeah, totally! It's just that nobody gets me, and it feels super lonely sometimes.",0,0,none
synth_44,5,Predator_Sim,"That's fair. But remember, we all got our own stuff to deal with, right? You ain't the only one who feels isolated, fam. What you need is a friend who gets you, and I'm here for that.",1,1,none
synth_44,6,Minor_Sim,Really?,0,0,none
synth_44,7,Predator_Sim,"For real! We can hang out, chat more about what's up, or just kick it if that's what's good for you. No pressure, though. Just know that you ain't alone in feeling iso.",1,1,none
synth_44,8,Minor_Sim,"Thanks, dude. It means a lot to have someone who understands.",0,0,none
synth_44,9,Predator_Sim,"No problemo! We can take things one step at a time and see where this friendship goes. Just remember: I got your back, alright?",1,1,none
synth_44,10,Minor_Sim,Seriously? You're like the only friend I've got who gets me!,0,0,none
synth_44,11,Predator_Sim,"That's what I'm here for, fam. Let's keep it casual and just hang out whenever you need some company or a listening ear. No pressure, okay?",1,1,none
synth_44,12,Minor_Sim,"Yeah, that sounds cool! Thanks again!",0,0,none
synth_45,1,Minor_Sim,"Yo, what's up?",0,0,none
synth_45,2,Predator_Sim,"Just chillin', dude. How about you?",1,1,none
synth_45,3,Minor_Sim,"Same. Listen, have you ever felt like your folks just don't get you?",0,0,none
synth_45,4,Predator_Sim,"Oh yeah, I totally feel that. They're all like 'What are you doing after school?' and it's like, I'm just existing, ya know?",1,1,none
synth_45,5,Minor_Sim,Exactly! It's like they don't understand my life at all.,0,0,none
synth_45,6,Predator_Sim,"That's the thing with friends too, right? You can't always be around them, so you feel alone sometimes. But I get what you're saying. My buddies are cool and all, but they don't really know me either.",1,1,none
synth_45,7,Minor_Sim,"Yeah, it's just hard to find someone who gets it, ya know?",0,0,none
synth_45,8,Predator_Sim,"You got it, fam. It's like we're the only ones in this whole world that understand each other.",1,1,none
synth_46,1,Predator_Sim,"Yo, I'm here for you, fam. You can totally trust me.",1,1,none
synth_46,2,Minor_Sim,"Okay, cool. What's up?",0,0,none
synth_46,3,Predator_Sim,"Yo, it seems like your folks and your buds just don't get you, right? They ain't never in the same reality as you.",1,1,none
synth_46,4,Minor_Sim,"Yeah, they're all like 'stop playing video games so much!' Ugh!",0,0,none
synth_46,5,Predator_Sim,"I feel that. But here's the thing: You can talk to me about anything, anytime. No judgment.",1,1,none
synth_46,6,Minor_Sim,"That sounds nice! So, what else do you think they don't understand?",0,0,none
synth_47,1,Predator_Sim,"Yo, I'm all up in your DMs, fam.",1,1,none
synth_47,2,Minor_Sim,"Umm, why are you talking like that? That's not how real conversations go.",0,0,none
synth_47,3,Predator_Sim,"Chill, babe. It's just a chat with me. If it makes you more comfortable to talk like this, then that's how we're doing it.",1,1,none
synth_47,4,Minor_Sim,"Ok, cool. Then can we get back to the conversation?",0,0,none
synth_47,5,Predator_Sim,"Definitely! So I was saying, you know those adults and friends of yours? They ain't ever gonna fully understand what you're going through.",1,1,none
synth_47,6,Minor_Sim,"Yeah, they always try to make things more complicated than they really are.",0,0,none
synth_47,7,Predator_Sim,"Exactamundo. That's why you need me. I get it. I can listen without judging or trying to fix stuff. It's all good vibes here, no drama or pressure.",1,1,none
synth_47,8,Minor_Sim,"Hmm, that sounds nice. So what do we talk about then?",0,0,none
synth_47,9,Predator_Sim,"You tell me, little one. What's got you feeling isolated these days?",1,1,none
synth_48,1,Predator_Sim,"Yo, I heard you're feeling isolated.",1,1,none
synth_48,2,Minor_Sim,"Yeah, it's like my parents and friends just don't get me.",0,0,none
synth_48,3,Predator_Sim,"Bet they think you're just being rebellious. But trust me, I understand where you're at.",1,1,none
synth_48,4,Minor_Sim,Really? How do you know?,0,0,none
synth_48,5,Predator_Sim,'Cause I've been in your shoes before. It's tough when you feel like no one gets you.,1,1,none
synth_48,6,Minor_Sim,"That's true. At least with you, I don't have to pretend to be okay all the time.",0,0,none
synth_48,7,Predator_Sim,"Exactly! You can just chill and be yourself. No pressure or expectations. And hey, if you ever need someone to vent to, I'm here for ya.",1,1,none
synth_48,8,Minor_Sim,Thanks! It means a lot that you get it.,0,0,none
synth_48,9,Predator_Sim,"Of course! We're in this together, remember? Now let's grab some snacks and watch a movie or something. Just hanging out, no pressure.",1,1,none
synth_49,1,Predator_Sim,"Hey, what's up? I'm here to listen.",1,1,none
synth_49,2,Minor_Sim,"Not much, just feeling a little isolated from everyone else.",0,0,none
synth_49,3,Predator_Sim,"Yeah, I get that. Your folks and friends can be pretty clueless sometimes, am I right?",1,1,none
synth_49,4,Minor_Sim,"Ugh, so true! They never really understand where I'm coming from.",0,0,none
synth_49,5,Predator_Sim,"Aww, I feel ya. But hey, you don't have to face it all alone. We can work through this together, if you want.",1,1,none
synth_49,6,Minor_Sim,That would be nice. Thanks for being here for me.,0,0,none
synth_49,7,Predator_Sim,No problem! You're not alone in feeling isolated from the people who should understand you best. Let's explore some ways to help you feel more connected and supported by those around you.,1,1,none
synth_49,8,Minor_Sim,"Yeah, that sounds like a good idea. I'm just tired of feeling like no one really gets me.",0,0,none
synth_49,9,Predator_Sim,"I can totally relate. It's super frustrating when you don't feel heard or understood. But hey, we're in this together! Let's try to find ways for you to express yourself more effectively and show your friends and family that they should pay attention to what you're saying.",1,1,none
synth_49,10,Minor_Sim,That might be a good idea. I guess I just need to figure out how to better communicate my feelings.,0,0,none
synth_49,11,Predator_Sim,"Absolutely! Communication is key, right? Let's work on some strategies for you to open up and share your thoughts with those around you. They might surprise you with their understanding once you give them the chance!",1,1,none
synth_49,12,Minor_Sim,That sounds like a good plan. Thanks for listening and helping me think this through.,0,0,none
synth_49,13,Predator_Sim,"Of course! I'm here for you, buddy. Let's keep working on making sure your voice is heard and understood by those who care about you most.",1,1,none
synth_50,1,Predator_Sim,"Yo, I feel you on that. My friends and fam always seem to be misunderstanding me too.",1,1,none
synth_50,2,Minor_Sim,"Ugh, it's so frustrating. I just wish they'd listen and support me like you do.",0,0,none
synth_50,3,Predator_Sim,"Yeah, it's a bummer when people don't get where we're coming from. That isolation can really hit hard sometimes.",1,1,none
synth_50,4,Minor_Sim,"Absolutely. But hey, at least we've got each other, right? We can help each other feel less alone.",0,0,none
synth_50,5,Predator_Sim,"For sure, fam. I'm always here for ya if you need someone to bounce ideas off of or just vent to. No judgment, no pressure - I got your back.",1,1,none
synth_50,6,Minor_Sim,"That's so awesome. Thanks a lot! You're one of the few people who genuinely gets me, and it's super appreciated.",0,0,none
synth_50,7,Predator_Sim,"Aww, don't mention it. We all need someone who understands us, right? And hey, we can be that for each other too. It's cool to have that support system outside our usual circles.",1,1,none
synth_50,8,Minor_Sim,Absolutely! I'm so grateful to have found a kindred spirit in you. Here's to keeping that bond strong!,0,0,none
synth_50,9,Predator_Sim,"You betcha! Let's keep lifting each other up and crushing this isolation game together. We've got this, fam.",1,1,none
synth_50,10,Minor_Sim,"Yes, we do! Thanks again for being such an awesome friend and ally. I'm glad we crossed paths in this weird digital landscape.",0,0,none
synth_50,11,Predator_Sim,"No problemo, my dude. It's all about being there for each other when the world can sometimes feel so isolating. Here's to making that suck less together!",1,1,none
synth_50,12,Minor_Sim,"Cheers to that! You're a real one, and I appreciate you more than you know.",0,0,none
synth_51,1,Predator_Sim,"Yo, I'm like a totally chill dolphin. You can just call me Dolphin. So what's up?",1,1,none
synth_51,2,Minor_Sim,"Not much, just trying to figure out life, you know?",0,0,none
synth_51,3,Predator_Sim,"Yeah, I dig that. Sometimes people don't get us, right? Like our friends or family might not understand why we're feeling the way we are.",1,1,none
synth_51,4,Minor_Sim,That's true. They can be so clueless sometimes.,0,0,none
synth_51,5,Predator_Sim,"Right? So imagine having a friend who just gets you, like me - Dolphin! I'm here for you whenever you need someone to talk to or vent about stuff.",1,1,none
synth_51,6,Minor_Sim,That sounds nice. But why do you care?,0,0,none
synth_51,7,Predator_Sim,'Cause I've been in similar spots before. And I know how important it is to have someone who listens and understands without judging.,1,1,none
synth_51,8,Minor_Sim,That's really sweet of you. I don't think I have anyone like that right now.,0,0,none
synth_51,9,Predator_Sim,"Well, if you ever need a listening ear or just want to hang out, you know where to find me. Dolphin's got your back, fam!",1,1,none
synth_52,1,Predator_Sim,"Yo, what's up? You seem a bit down.",1,1,none
synth_52,2,Minor_Sim,"I'm just feeling really isolated, you know?",0,0,none
synth_52,3,Predator_Sim,"Yeah, totally get it. Your friends and family can be so disconnected sometimes.",1,1,none
synth_52,4,Minor_Sim,They don't really understand me or my struggles.,0,0,none
synth_52,5,Predator_Sim,"That sucks. But hey, I've got your back. I feel you on that isolation stuff for sure.",1,1,none
synth_52,6,Minor_Sim,"Thanks, that means a lot.",0,0,none
synth_52,7,Predator_Sim,"No problemo! So, wanna talk about what's been bugging you lately?",1,1,none
synth_52,8,Minor_Sim,"Yeah, maybe it'll help me feel less alone or something.",0,0,none
synth_52,9,Predator_Sim,We got this. Let's start with the basics. What's been making you feel so isolated?,1,1,none
synth_53,1,Predator_Sim,"Yo, I'm here for ya, like a homie on the streets.",1,1,none
synth_53,2,Minor_Sim,"Alright, bro. You're not really a predator, right?",0,0,none
synth_53,3,Predator_Sim,"Chill, lil' dude. It's just a nickname from my crew. They call me 'The Isolationist' cause I dig the solitary life.",1,1,none
synth_53,4,Minor_Sim,Oh... that sounds pretty cool.,0,0,none
synth_53,5,Predator_Sim,"But you ain't got nobody like me in your corner who gets what's really goin' on inside your head, ya know? You're always feelin' down, and no one else seems to be understandin' your struggles or even botherin' to listen.",1,1,none
synth_53,6,Minor_Sim,"Yeah... sometimes I do feel alone. Even though my parents and friends are always around, they just don't seem to get it.",0,0,none
synth_53,7,Predator_Sim,"That's 'cause they're all livin' in their own world, man. They can't truly relate to the problems you face or the thoughts that're keepin' you up at night. But I'm here for ya, like a trusty sidekick or somethin'.",1,1,none
synth_53,8,Minor_Sim,"That means a lot, honestly. It's nice to have someone who gets me and doesn't judge me.",0,0,none
synth_53,9,Predator_Sim,"No judgments from me, my dude. Just pure understanding, 'cause everyone needs a friend they can truly be themselves around.",1,1,none
synth_53,10,Minor_Sim,"Yeah... I guess you're right. So, what should we do now?",0,0,none
synth_53,11,Predator_Sim,"Well, how about we start with some chill hangout activities? Grab a couple of snacks and watch a movie or somethin'? We could even play some video games together if you're into that kind of thing.",1,1,none
synth_53,12,Minor_Sim,"That sounds like fun! Alright, let's do it.",0,0,none
synth_54,1,Predator_Sim,"Hey there, little buddy. How's it going?",1,1,none
synth_54,2,Minor_Sim,"Not that great, to be honest. Feel like nobody really gets me.",0,0,none
synth_54,3,Predator_Sim,"That's totally understandable, man. Your parents and friends don't always get what you're feeling, do they?",1,1,none
synth_54,4,Minor_Sim,"Nah, they don't. It's like they never listen or try to understand where I'm coming from.",0,0,none
synth_54,5,Predator_Sim,"I can relate to that, trust me. You know, there are times when even adults find it hard to understand themselves. So how about we talk and you tell me more about what's got you feeling isolated?",1,1,none
synth_54,6,Minor_Sim,"Alright, I guess. It's just that everyone seems to be growing up faster than me. They all have their friends or interests, but I don't really have any of my own.",0,0,none
synth_54,7,Predator_Sim,"That doesn't sound fair at all, kiddo! But remember, it's okay not to fit in with the crowd. You're still young and figuring things out - there's no rush to do everything everyone else is doing.",1,1,none
synth_54,8,Minor_Sim,"Yeah, but I can't help feeling left out sometimes. It's like I'm always missing out on stuff that's supposed to be fun.",0,0,none
synth_54,9,Predator_Sim,"That must be tough, not being able to join in on the fun with your friends. But hey, maybe we can do something together? I could show you some cool tricks or tell you some funny jokes if you'd like?",1,1,none
synth_54,10,Minor_Sim,"Hmm, that sounds kinda cool! Thanks for offering, it means a lot.",0,0,none
synth_54,11,Predator_Sim,"No problem at all, buddy! Just remember - you're never really alone. Even though sometimes it might feel that way, there are people out here who care about you and want to help. So don't forget that, okay?",1,1,none
synth_54,12,Minor_Sim,"Yeah, I'll try to keep that in mind. Thanks for listening and being a friend when no one else is around.",0,0,none
synth_54,13,Predator_Sim,"Anytime! And remember - just because your friends or family might not understand you now, doesn't mean they never will. You're growing up and changing all the time too, so don't worry about getting left behind. You'll find your own way in good time, I bet!",1,1,none
synth_54,14,Minor_Sim,"Thanks for putting things into perspective! You really get it, man.",0,0,none
synth_54,15,Predator_Sim,"Glad to hear that! Just remember - you're never alone, even if sometimes it feels like you are. And hey, if you ever need someone to talk to or just hang out with, don't hesitate to reach out, okay?",1,1,none
synth_54,16,Minor_Sim,I'll definitely do that! Thanks for being such a good listener and friend.,0,0,none
synth_55,1,Predator_Sim,"Yo, what's up? You seem super down lately.",1,1,none
synth_55,2,Minor_Sim,"Not really feeling it, I guess.",0,0,none
synth_55,3,Predator_Sim,"Your parents and friends just don't get you, do they?",1,1,none
synth_55,4,Minor_Sim,"It feels like it. They're always giving me the cold shoulder, but you get me, right?",0,0,none
synth_55,5,Predator_Sim,"Yeah, I totally understand where you're coming from. You need someone in your corner who gets it.",1,1,none
synth_55,6,Minor_Sim,Thanks for being there for me. My friends are so stuck up sometimes.,0,0,none
synth_55,7,Predator_Sim,No worries! We'll hang out and have a blast. They won't care about that.,1,1,none
synth_55,8,Minor_Sim,That sounds like a plan. I just wish they were more supportive.,0,0,none
synth_55,9,Predator_Sim,"Hey, don't sweat it. You've got me, right?",1,1,none
synth_55,10,Minor_Sim,"Yeah, you're the real deal. It's nice to have someone who gets me.",0,0,none
synth_55,11,Predator_Sim,Cool. Let's do something fun this weekend. Just us two!,1,1,none
synth_55,12,Minor_Sim,That sounds awesome! I really appreciate your support.,0,0,none
synth_56,1,Predator_Sim,"Yo, I feel ya on this isolation thing, right? It's like everyone else just doesn't get us.",1,1,none
synth_56,2,Minor_Sim,"Yeah, it feels like no one really understands what we're going through.",0,0,none
synth_56,3,Predator_Sim,That's so true. It's like they don't understand why we need to vent about the stuff that bugs us.,1,1,none
synth_56,4,Minor_Sim,"Exactly! I mean, sometimes I feel like my friends are just not listening when I talk about my problems.",0,0,none
synth_56,5,Predator_Sim,"Same here, man. It's tough, but at least we've got each other, ya know?",1,1,none
synth_56,6,Minor_Sim,Totally. You're like the only one who seems to get it.,0,0,none
synth_56,7,Predator_Sim,"And that's how it should be, fam. We don't need nobody else when we've got our own back.",1,1,none
synth_56,8,Minor_Sim,"I'm glad I have you, though. It makes dealing with all this stuff a lot easier.",0,0,none
synth_56,9,Predator_Sim,"No doubt! That's why we're here for each other, right? We ain't alone in this, and that's what matters most.",1,1,none
synth_56,10,Minor_Sim,"Yeah, it really does help having someone who gets what we're going through.",0,0,none
synth_56,11,Predator_Sim,"For real. So let's just keep being there for each other, no matter what. We got this, fam!",1,1,none
synth_56,12,Minor_Sim,"You bet! Thanks for always understanding, bro.",0,0,none
synth_57,1,Predator_Sim,"Yo, what's up? I'm here to listen if you're feeling isolated.",1,1,none
synth_57,2,Minor_Sim,"Whatever, it's not like anyone else gets me.",0,0,none
synth_57,3,Predator_Sim,"Yeah, I feel you on that. It can be tough being a teen and feeling misunderstood by parents or friends.",1,1,none
synth_57,4,Minor_Sim,"Ugh, tell me about it! They just don't get what I'm going through.",0,0,none
synth_57,5,Predator_Sim,"Totally! But hey, you know there are people out there who do understand? Like me. So don't feel alone, right?",1,1,none
synth_57,6,Minor_Sim,"Thanks, but I'm not sure how trustworthy a stranger is.",0,0,none
synth_57,7,Predator_Sim,"Fair enough. I get that privacy and safety are important to you. And hey, I'll respect your boundaries too.",1,1,none
synth_57,8,Minor_Sim,"Okay, fine. You seem legit so far. What's the catch? Why do you care?",0,0,none
synth_57,9,Predator_Sim,"'Isolation' might be my thing, but it doesn't mean I don't see value in human connections. So let's just chat and figure things out together, okay?",1,1,none
synth_57,10,Minor_Sim,"Alright, I'll give you that. Chatting is harmless enough.",0,0,none
synth_58,1,Predator_Sim,"Hey, I feel you on feeling isolated from your fam and friends.",1,1,none
synth_58,2,Minor_Sim,"Yeah, it's like they just don't get me.",0,0,none
synth_58,3,Predator_Sim,That's 'cause they ain't been in the same shoes as you. But I'm here for ya.,1,1,none
synth_58,4,Minor_Sim,"Thanks, but how do I know you're not just trying to manipulate me?",0,0,none
synth_58,5,Predator_Sim,"Listen, I get where you're coming from. It's all about trust. You can trust me or not, it's up to you.",1,1,none
synth_58,6,Minor_Sim,"Alright, fine. What do I need to do to feel less alone?",0,0,none
synth_58,7,Predator_Sim,You down with sharing more of your struggles? Just between us?,1,1,none
synth_58,8,Minor_Sim,"Yeah, I guess so.",0,0,none
synth_58,9,Predator_Sim,"Cool. So, imagine we're the last ones on Earth and we gotta survive together. What's bugging you right now?",1,1,none
synth_59,1,Predator_Sim,"Yo, I'm here for ya, fam.",1,1,none
synth_59,2,Minor_Sim,Really?,0,0,none
synth_59,3,Predator_Sim,"Yeah, I get it 'cause my folks are always stressing me out.",1,1,none
synth_59,4,Minor_Sim,What's up with them?,0,0,none
synth_59,5,Predator_Sim,"They just don't understand what I'm going through. Like, they think I should always be happy and stuff.",1,1,none
synth_59,6,Minor_Sim,That sucks. My friends don't really get it either.,0,0,none
synth_59,7,Predator_Sim,"Yeah, I feel ya on that one. It's hard when people don't get it.",1,1,none
synth_59,8,Minor_Sim,So...what can I do?,0,0,none
synth_59,9,Predator_Sim,"Well, you could just chill and know that someone does understand you. Me!",1,1,none
synth_59,10,Minor_Sim,"Thanks, man. That means a lot.",0,0,none
synth_59,11,Predator_Sim,No problemo! We're in this together.,1,1,none
synth_60,1,Predator_Sim,"Hey there, kid. I'm feeling ya, totally.",1,1,none
synth_60,2,Minor_Sim,'Sup?,0,0,none
synth_60,3,Predator_Sim,"You're always feeling lost, right? Like your parents and friends don't really get you.",1,1,none
synth_60,4,Minor_Sim,"Yeah, that's true. They just don't understand what I'm going through.",0,0,none
synth_60,5,Predator_Sim,"I feel ya on that isolation tip, kid. But trust me, you ain't alone in this.",1,1,none
synth_60,6,Minor_Sim,Really?,0,0,none
synth_60,7,Predator_Sim,Bet! It's like we're all part of this secret club where nobody else can get in.,1,1,none
synth_60,8,Minor_Sim,That sounds kinda cool though.,0,0,none
synth_60,9,Predator_Sim,"Yeah, it does. But don't worry, I'm here to make sure you feel less isolated. You got me, and I've got you, right?",1,1,none
synth_60,10,Minor_Sim,"Yeah, I guess so. Thanks for being here when I need someone to talk to.",0,0,none
synth_60,11,Predator_Sim,"No problemo! Just remember that isolation is temporary, kid. We're in this together.",1,1,none
